model,rank,eval_loss,rouge1,rouge2,rougeL,rougeLsum
fine_tuned_410m,8,1.5278664499611292,0.6921354635927295,0.37639586123934243,0.5737933517649925,0.6646794641095533
raw_70m,8,3.0263924293767768,0.5576034518053419,0.17829403379207542,0.3834203671581463,0.5219056735515984
truncated_70m_from_410m,8,6.445453928556567,0.23131400766764149,0.025703799329801637,0.17200733731427525,0.2223566644122801
